season,round,race_name,circuit_id,circuit_name,date
2011,1,Australian Grand Prix,albert_park,Albert Park Grand Prix Circuit,2011-03-27
2011,2,Malaysian Grand Prix,sepang,Sepang International Circuit,2011-04-10
2011,3,Chinese Grand Prix,shanghai,Shanghai International Circuit,2011-04-17
2011,4,Turkish Grand Prix,istanbul,Istanbul Park,2011-05-08
2011,5,Spanish Grand Prix,catalunya,Circuit de Barcelona-Catalunya,2011-05-22
2011,6,Monaco Grand Prix,monaco,Circuit de Monaco,2011-05-29
2011,7,Canadian Grand Prix,villeneuve,Circuit Gilles Villeneuve,2011-06-12
2011,8,European Grand Prix,valencia,Valencia Street Circuit,2011-06-26
2011,9,British Grand Prix,silverstone,Silverstone Circuit,2011-07-10
2011,10,German Grand Prix,nurburgring,Nürburgring,2011-07-24
2011,11,Hungarian Grand Prix,hungaroring,Hungaroring,2011-07-31
2011,12,Belgian Grand Prix,spa,Circuit de Spa-Francorchamps,2011-08-28
2011,13,Italian Grand Prix,monza,Autodromo Nazionale di Monza,2011-09-11
2011,14,Singapore Grand Prix,marina_bay,Marina Bay Street Circuit,2011-09-25
2011,15,Japanese Grand Prix,suzuka,Suzuka Circuit,2011-10-09
2011,16,Korean Grand Prix,yeongam,Korean International Circuit,2011-10-16
2011,17,Indian Grand Prix,buddh,Buddh International Circuit,2011-10-30
2011,18,Abu Dhabi Grand Prix,yas_marina,Yas Marina Circuit,2011-11-13
2011,19,Brazilian Grand Prix,interlagos,Autódromo José Carlos Pace,2011-11-27
2012,1,Australian Grand Prix,albert_park,Albert Park Grand Prix Circuit,2012-03-18
2012,2,Malaysian Grand Prix,sepang,Sepang International Circuit,2012-03-25
2012,3,Chinese Grand Prix,shanghai,Shanghai International Circuit,2012-04-15
2012,4,Bahrain Grand Prix,bahrain,Bahrain International Circuit,2012-04-22
2012,5,Spanish Grand Prix,catalunya,Circuit de Barcelona-Catalunya,2012-05-13
2012,6,Monaco Grand Prix,monaco,Circuit de Monaco,2012-05-27
2012,7,Canadian Grand Prix,villeneuve,Circuit Gilles Villeneuve,2012-06-10
2012,8,European Grand Prix,valencia,Valencia Street Circuit,2012-06-24
2012,9,British Grand Prix,silverstone,Silverstone Circuit,2012-07-08
2012,10,German Grand Prix,hockenheimring,Hockenheimring,2012-07-22
2012,11,Hungarian Grand Prix,hungaroring,Hungaroring,2012-07-29
2012,12,Belgian Grand Prix,spa,Circuit de Spa-Francorchamps,2012-09-02
2012,13,Italian Grand Prix,monza,Autodromo Nazionale di Monza,2012-09-09
2012,14,Singapore Grand Prix,marina_bay,Marina Bay Street Circuit,2012-09-23
2012,15,Japanese Grand Prix,suzuka,Suzuka Circuit,2012-10-07
2012,16,Korean Grand Prix,yeongam,Korean International Circuit,2012-10-14
2012,17,Indian Grand Prix,buddh,Buddh International Circuit,2012-10-28
2012,18,Abu Dhabi Grand Prix,yas_marina,Yas Marina Circuit,2012-11-04
2012,19,United States Grand Prix,americas,Circuit of the Americas,2012-11-18
2012,20,Brazilian Grand Prix,interlagos,Autódromo José Carlos Pace,2012-11-25
2013,1,Australian Grand Prix,albert_park,Albert Park Grand Prix Circuit,2013-03-17
2013,2,Malaysian Grand Prix,sepang,Sepang International Circuit,2013-03-24
2013,3,Chinese Grand Prix,shanghai,Shanghai International Circuit,2013-04-14
2013,4,Bahrain Grand Prix,bahrain,Bahrain International Circuit,2013-04-21
2013,5,Spanish Grand Prix,catalunya,Circuit de Barcelona-Catalunya,2013-05-12
2013,6,Monaco Grand Prix,monaco,Circuit de Monaco,2013-05-26
2013,7,Canadian Grand Prix,villeneuve,Circuit Gilles Villeneuve,2013-06-09
2013,8,British Grand Prix,silverstone,Silverstone Circuit,2013-06-30
2013,9,German Grand Prix,nurburgring,Nürburgring,2013-07-07
2013,10,Hungarian Grand Prix,hungaroring,Hungaroring,2013-07-28
2013,11,Belgian Grand Prix,spa,Circuit de Spa-Francorchamps,2013-08-25
2013,12,Italian Grand Prix,monza,Autodromo Nazionale di Monza,2013-09-08
2013,13,Singapore Grand Prix,marina_bay,Marina Bay Street Circuit,2013-09-22
2013,14,Korean Grand Prix,yeongam,Korean International Circuit,2013-10-06
2013,15,Japanese Grand Prix,suzuka,Suzuka Circuit,2013-10-13
2013,16,Indian Grand Prix,buddh,Buddh International Circuit,2013-10-27
2013,17,Abu Dhabi Grand Prix,yas_marina,Yas Marina Circuit,2013-11-03
2013,18,United States Grand Prix,americas,Circuit of the Americas,2013-11-17
2013,19,Brazilian Grand Prix,interlagos,Autódromo José Carlos Pace,2013-11-24
2014,1,Australian Grand Prix,albert_park,Albert Park Grand Prix Circuit,2014-03-16
2014,2,Malaysian Grand Prix,sepang,Sepang International Circuit,2014-03-30
2014,3,Bahrain Grand Prix,bahrain,Bahrain International Circuit,2014-04-06
2014,4,Chinese Grand Prix,shanghai,Shanghai International Circuit,2014-04-20
2014,5,Spanish Grand Prix,catalunya,Circuit de Barcelona-Catalunya,2014-05-11
2014,6,Monaco Grand Prix,monaco,Circuit de Monaco,2014-05-25
2014,7,Canadian Grand Prix,villeneuve,Circuit Gilles Villeneuve,2014-06-08
2014,8,Austrian Grand Prix,red_bull_ring,Red Bull Ring,2014-06-22
2014,9,British Grand Prix,silverstone,Silverstone Circuit,2014-07-06
2014,10,German Grand Prix,hockenheimring,Hockenheimring,2014-07-20
2014,11,Hungarian Grand Prix,hungaroring,Hungaroring,2014-07-27
2014,12,Belgian Grand Prix,spa,Circuit de Spa-Francorchamps,2014-08-24
2014,13,Italian Grand Prix,monza,Autodromo Nazionale di Monza,2014-09-07
2014,14,Singapore Grand Prix,marina_bay,Marina Bay Street Circuit,2014-09-21
2014,15,Japanese Grand Prix,suzuka,Suzuka Circuit,2014-10-05
2014,16,Russian Grand Prix,sochi,Sochi Autodrom,2014-10-12
2014,17,United States Grand Prix,americas,Circuit of the Americas,2014-11-02
2014,18,Brazilian Grand Prix,interlagos,Autódromo José Carlos Pace,2014-11-09
2014,19,Abu Dhabi Grand Prix,yas_marina,Yas Marina Circuit,2014-11-23
2015,1,Australian Grand Prix,albert_park,Albert Park Grand Prix Circuit,2015-03-15
2015,2,Malaysian Grand Prix,sepang,Sepang International Circuit,2015-03-29
2015,3,Chinese Grand Prix,shanghai,Shanghai International Circuit,2015-04-12
2015,4,Bahrain Grand Prix,bahrain,Bahrain International Circuit,2015-04-19
2015,5,Spanish Grand Prix,catalunya,Circuit de Barcelona-Catalunya,2015-05-10
2015,6,Monaco Grand Prix,monaco,Circuit de Monaco,2015-05-24
2015,7,Canadian Grand Prix,villeneuve,Circuit Gilles Villeneuve,2015-06-07
2015,8,Austrian Grand Prix,red_bull_ring,Red Bull Ring,2015-06-21
2015,9,British Grand Prix,silverstone,Silverstone Circuit,2015-07-05
2015,10,Hungarian Grand Prix,hungaroring,Hungaroring,2015-07-26
2015,11,Belgian Grand Prix,spa,Circuit de Spa-Francorchamps,2015-08-23
2015,12,Italian Grand Prix,monza,Autodromo Nazionale di Monza,2015-09-06
2015,13,Singapore Grand Prix,marina_bay,Marina Bay Street Circuit,2015-09-20
2015,14,Japanese Grand Prix,suzuka,Suzuka Circuit,2015-09-27
2015,15,Russian Grand Prix,sochi,Sochi Autodrom,2015-10-11
2015,16,United States Grand Prix,americas,Circuit of the Americas,2015-10-25
2015,17,Mexican Grand Prix,rodriguez,Autódromo Hermanos Rodríguez,2015-11-01
2015,18,Brazilian Grand Prix,interlagos,Autódromo José Carlos Pace,2015-11-15
2015,19,Abu Dhabi Grand Prix,yas_marina,Yas Marina Circuit,2015-11-29
2016,1,Australian Grand Prix,albert_park,Albert Park Grand Prix Circuit,2016-03-20
2016,2,Bahrain Grand Prix,bahrain,Bahrain International Circuit,2016-04-03
2016,3,Chinese Grand Prix,shanghai,Shanghai International Circuit,2016-04-17
2016,4,Russian Grand Prix,sochi,Sochi Autodrom,2016-05-01
2016,5,Spanish Grand Prix,catalunya,Circuit de Barcelona-Catalunya,2016-05-15
2016,6,Monaco Grand Prix,monaco,Circuit de Monaco,2016-05-29
2016,7,Canadian Grand Prix,villeneuve,Circuit Gilles Villeneuve,2016-06-12
2016,8,European Grand Prix,baku,Baku City Circuit,2016-06-19
2016,9,Austrian Grand Prix,red_bull_ring,Red Bull Ring,2016-07-03
2016,10,British Grand Prix,silverstone,Silverstone Circuit,2016-07-10
2016,11,Hungarian Grand Prix,hungaroring,Hungaroring,2016-07-24
2016,12,German Grand Prix,hockenheimring,Hockenheimring,2016-07-31
2016,13,Belgian Grand Prix,spa,Circuit de Spa-Francorchamps,2016-08-28
2016,14,Italian Grand Prix,monza,Autodromo Nazionale di Monza,2016-09-04
2016,15,Singapore Grand Prix,marina_bay,Marina Bay Street Circuit,2016-09-18
2016,16,Malaysian Grand Prix,sepang,Sepang International Circuit,2016-10-02
2016,17,Japanese Grand Prix,suzuka,Suzuka Circuit,2016-10-09
2016,18,United States Grand Prix,americas,Circuit of the Americas,2016-10-23
2016,19,Mexican Grand Prix,rodriguez,Autódromo Hermanos Rodríguez,2016-10-30
2016,20,Brazilian Grand Prix,interlagos,Autódromo José Carlos Pace,2016-11-13
2016,21,Abu Dhabi Grand Prix,yas_marina,Yas Marina Circuit,2016-11-27
2017,1,Australian Grand Prix,albert_park,Albert Park Grand Prix Circuit,2017-03-26
2017,2,Chinese Grand Prix,shanghai,Shanghai International Circuit,2017-04-09
2017,3,Bahrain Grand Prix,bahrain,Bahrain International Circuit,2017-04-16
2017,4,Russian Grand Prix,sochi,Sochi Autodrom,2017-04-30
2017,5,Spanish Grand Prix,catalunya,Circuit de Barcelona-Catalunya,2017-05-14
2017,6,Monaco Grand Prix,monaco,Circuit de Monaco,2017-05-28
2017,7,Canadian Grand Prix,villeneuve,Circuit Gilles Villeneuve,2017-06-11
2017,8,Azerbaijan Grand Prix,baku,Baku City Circuit,2017-06-25
2017,9,Austrian Grand Prix,red_bull_ring,Red Bull Ring,2017-07-09
2017,10,British Grand Prix,silverstone,Silverstone Circuit,2017-07-16
2017,11,Hungarian Grand Prix,hungaroring,Hungaroring,2017-07-30
2017,12,Belgian Grand Prix,spa,Circuit de Spa-Francorchamps,2017-08-27
2017,13,Italian Grand Prix,monza,Autodromo Nazionale di Monza,2017-09-03
2017,14,Singapore Grand Prix,marina_bay,Marina Bay Street Circuit,2017-09-17
2017,15,Malaysian Grand Prix,sepang,Sepang International Circuit,2017-10-01
2017,16,Japanese Grand Prix,suzuka,Suzuka Circuit,2017-10-08
2017,17,United States Grand Prix,americas,Circuit of the Americas,2017-10-22
2017,18,Mexican Grand Prix,rodriguez,Autódromo Hermanos Rodríguez,2017-10-29
2017,19,Brazilian Grand Prix,interlagos,Autódromo José Carlos Pace,2017-11-12
2017,20,Abu Dhabi Grand Prix,yas_marina,Yas Marina Circuit,2017-11-26
2018,1,Australian Grand Prix,albert_park,Albert Park Grand Prix Circuit,2018-03-25
2018,2,Bahrain Grand Prix,bahrain,Bahrain International Circuit,2018-04-08
2018,3,Chinese Grand Prix,shanghai,Shanghai International Circuit,2018-04-15
2018,4,Azerbaijan Grand Prix,baku,Baku City Circuit,2018-04-29
2018,5,Spanish Grand Prix,catalunya,Circuit de Barcelona-Catalunya,2018-05-13
2018,6,Monaco Grand Prix,monaco,Circuit de Monaco,2018-05-27
2018,7,Canadian Grand Prix,villeneuve,Circuit Gilles Villeneuve,2018-06-10
2018,8,French Grand Prix,ricard,Circuit Paul Ricard,2018-06-24
2018,9,Austrian Grand Prix,red_bull_ring,Red Bull Ring,2018-07-01
2018,10,British Grand Prix,silverstone,Silverstone Circuit,2018-07-08
2018,11,German Grand Prix,hockenheimring,Hockenheimring,2018-07-22
2018,12,Hungarian Grand Prix,hungaroring,Hungaroring,2018-07-29
2018,13,Belgian Grand Prix,spa,Circuit de Spa-Francorchamps,2018-08-26
2018,14,Italian Grand Prix,monza,Autodromo Nazionale di Monza,2018-09-02
2018,15,Singapore Grand Prix,marina_bay,Marina Bay Street Circuit,2018-09-16
2018,16,Russian Grand Prix,sochi,Sochi Autodrom,2018-09-30
2018,17,Japanese Grand Prix,suzuka,Suzuka Circuit,2018-10-07
2018,18,United States Grand Prix,americas,Circuit of the Americas,2018-10-21
2018,19,Mexican Grand Prix,rodriguez,Autódromo Hermanos Rodríguez,2018-10-28
2018,20,Brazilian Grand Prix,interlagos,Autódromo José Carlos Pace,2018-11-11
2018,21,Abu Dhabi Grand Prix,yas_marina,Yas Marina Circuit,2018-11-25
2019,1,Australian Grand Prix,albert_park,Albert Park Grand Prix Circuit,2019-03-17
2019,2,Bahrain Grand Prix,bahrain,Bahrain International Circuit,2019-03-31
2019,3,Chinese Grand Prix,shanghai,Shanghai International Circuit,2019-04-14
2019,4,Azerbaijan Grand Prix,baku,Baku City Circuit,2019-04-28
2019,5,Spanish Grand Prix,catalunya,Circuit de Barcelona-Catalunya,2019-05-12
2019,6,Monaco Grand Prix,monaco,Circuit de Monaco,2019-05-26
2019,7,Canadian Grand Prix,villeneuve,Circuit Gilles Villeneuve,2019-06-09
2019,8,French Grand Prix,ricard,Circuit Paul Ricard,2019-06-23
2019,9,Austrian Grand Prix,red_bull_ring,Red Bull Ring,2019-06-30
2019,10,British Grand Prix,silverstone,Silverstone Circuit,2019-07-14
2019,11,German Grand Prix,hockenheimring,Hockenheimring,2019-07-28
2019,12,Hungarian Grand Prix,hungaroring,Hungaroring,2019-08-04
2019,13,Belgian Grand Prix,spa,Circuit de Spa-Francorchamps,2019-09-01
2019,14,Italian Grand Prix,monza,Autodromo Nazionale di Monza,2019-09-08
2019,15,Singapore Grand Prix,marina_bay,Marina Bay Street Circuit,2019-09-22
2019,16,Russian Grand Prix,sochi,Sochi Autodrom,2019-09-29
2019,17,Japanese Grand Prix,suzuka,Suzuka Circuit,2019-10-13
2019,18,Mexican Grand Prix,rodriguez,Autódromo Hermanos Rodríguez,2019-10-27
2019,19,United States Grand Prix,americas,Circuit of the Americas,2019-11-03
2019,20,Brazilian Grand Prix,interlagos,Autódromo José Carlos Pace,2019-11-17
2019,21,Abu Dhabi Grand Prix,yas_marina,Yas Marina Circuit,2019-12-01
2020,1,Austrian Grand Prix,red_bull_ring,Red Bull Ring,2020-07-05
2020,2,Styrian Grand Prix,red_bull_ring,Red Bull Ring,2020-07-12
2020,3,Hungarian Grand Prix,hungaroring,Hungaroring,2020-07-19
2020,4,British Grand Prix,silverstone,Silverstone Circuit,2020-08-02
2020,5,70th Anniversary Grand Prix,silverstone,Silverstone Circuit,2020-08-09
2020,6,Spanish Grand Prix,catalunya,Circuit de Barcelona-Catalunya,2020-08-16
2020,7,Belgian Grand Prix,spa,Circuit de Spa-Francorchamps,2020-08-30
2020,8,Italian Grand Prix,monza,Autodromo Nazionale di Monza,2020-09-06
2020,9,Tuscan Grand Prix,mugello,Autodromo Internazionale del Mugello,2020-09-13
2020,10,Russian Grand Prix,sochi,Sochi Autodrom,2020-09-27
2020,11,Eifel Grand Prix,nurburgring,Nürburgring,2020-10-11
2020,12,Portuguese Grand Prix,portimao,Autódromo Internacional do Algarve,2020-10-25
2020,13,Emilia Romagna Grand Prix,imola,Autodromo Enzo e Dino Ferrari,2020-11-01
2020,14,Turkish Grand Prix,istanbul,Istanbul Park,2020-11-15
2020,15,Bahrain Grand Prix,bahrain,Bahrain International Circuit,2020-11-29
2020,16,Sakhir Grand Prix,bahrain,Bahrain International Circuit,2020-12-06
2020,17,Abu Dhabi Grand Prix,yas_marina,Yas Marina Circuit,2020-12-13
2021,1,Bahrain Grand Prix,bahrain,Bahrain International Circuit,2021-03-28
2021,2,Emilia Romagna Grand Prix,imola,Autodromo Enzo e Dino Ferrari,2021-04-18
2021,3,Portuguese Grand Prix,portimao,Autódromo Internacional do Algarve,2021-05-02
2021,4,Spanish Grand Prix,catalunya,Circuit de Barcelona-Catalunya,2021-05-09
2021,5,Monaco Grand Prix,monaco,Circuit de Monaco,2021-05-23
2021,6,Azerbaijan Grand Prix,baku,Baku City Circuit,2021-06-06
2021,7,French Grand Prix,ricard,Circuit Paul Ricard,2021-06-20
2021,8,Styrian Grand Prix,red_bull_ring,Red Bull Ring,2021-06-27
2021,9,Austrian Grand Prix,red_bull_ring,Red Bull Ring,2021-07-04
2021,10,British Grand Prix,silverstone,Silverstone Circuit,2021-07-18
2021,11,Hungarian Grand Prix,hungaroring,Hungaroring,2021-08-01
2021,12,Belgian Grand Prix,spa,Circuit de Spa-Francorchamps,2021-08-29
2021,13,Dutch Grand Prix,zandvoort,Circuit Park Zandvoort,2021-09-05
2021,14,Italian Grand Prix,monza,Autodromo Nazionale di Monza,2021-09-12
2021,15,Russian Grand Prix,sochi,Sochi Autodrom,2021-09-26
2021,16,Turkish Grand Prix,istanbul,Istanbul Park,2021-10-10
2021,17,United States Grand Prix,americas,Circuit of the Americas,2021-10-24
2021,18,Mexico City Grand Prix,rodriguez,Autódromo Hermanos Rodríguez,2021-11-07
2021,19,São Paulo Grand Prix,interlagos,Autódromo José Carlos Pace,2021-11-14
2021,20,Qatar Grand Prix,losail,Losail International Circuit,2021-11-21
2021,21,Saudi Arabian Grand Prix,jeddah,Jeddah Corniche Circuit,2021-12-05
2021,22,Abu Dhabi Grand Prix,yas_marina,Yas Marina Circuit,2021-12-12
2022,1,Bahrain Grand Prix,bahrain,Bahrain International Circuit,2022-03-20
2022,2,Saudi Arabian Grand Prix,jeddah,Jeddah Corniche Circuit,2022-03-27
2022,3,Australian Grand Prix,albert_park,Albert Park Grand Prix Circuit,2022-04-10
2022,4,Emilia Romagna Grand Prix,imola,Autodromo Enzo e Dino Ferrari,2022-04-24
2022,5,Miami Grand Prix,miami,Miami International Autodrome,2022-05-08
2022,6,Spanish Grand Prix,catalunya,Circuit de Barcelona-Catalunya,2022-05-22
2022,7,Monaco Grand Prix,monaco,Circuit de Monaco,2022-05-29
2022,8,Azerbaijan Grand Prix,baku,Baku City Circuit,2022-06-12
2022,9,Canadian Grand Prix,villeneuve,Circuit Gilles Villeneuve,2022-06-19
2022,10,British Grand Prix,silverstone,Silverstone Circuit,2022-07-03
2022,11,Austrian Grand Prix,red_bull_ring,Red Bull Ring,2022-07-10
2022,12,French Grand Prix,ricard,Circuit Paul Ricard,2022-07-24
2022,13,Hungarian Grand Prix,hungaroring,Hungaroring,2022-07-31
2022,14,Belgian Grand Prix,spa,Circuit de Spa-Francorchamps,2022-08-28
2022,15,Dutch Grand Prix,zandvoort,Circuit Park Zandvoort,2022-09-04
2022,16,Italian Grand Prix,monza,Autodromo Nazionale di Monza,2022-09-11
2022,17,Singapore Grand Prix,marina_bay,Marina Bay Street Circuit,2022-10-02
2022,18,Japanese Grand Prix,suzuka,Suzuka Circuit,2022-10-09
2022,19,United States Grand Prix,americas,Circuit of the Americas,2022-10-23
2022,20,Mexico City Grand Prix,rodriguez,Autódromo Hermanos Rodríguez,2022-10-30
2022,21,São Paulo Grand Prix,interlagos,Autódromo José Carlos Pace,2022-11-13
2022,22,Abu Dhabi Grand Prix,yas_marina,Yas Marina Circuit,2022-11-20
2023,1,Bahrain Grand Prix,bahrain,Bahrain International Circuit,2023-03-05
2023,2,Saudi Arabian Grand Prix,jeddah,Jeddah Corniche Circuit,2023-03-19
2023,3,Australian Grand Prix,albert_park,Albert Park Grand Prix Circuit,2023-04-02
2023,4,Azerbaijan Grand Prix,baku,Baku City Circuit,2023-04-30
2023,5,Miami Grand Prix,miami,Miami International Autodrome,2023-05-07
2023,6,Monaco Grand Prix,monaco,Circuit de Monaco,2023-05-28
2023,7,Spanish Grand Prix,catalunya,Circuit de Barcelona-Catalunya,2023-06-04
2023,8,Canadian Grand Prix,villeneuve,Circuit Gilles Villeneuve,2023-06-18
2023,9,Austrian Grand Prix,red_bull_ring,Red Bull Ring,2023-07-02
2023,10,British Grand Prix,silverstone,Silverstone Circuit,2023-07-09
2023,11,Hungarian Grand Prix,hungaroring,Hungaroring,2023-07-23
2023,12,Belgian Grand Prix,spa,Circuit de Spa-Francorchamps,2023-07-30
2023,13,Dutch Grand Prix,zandvoort,Circuit Park Zandvoort,2023-08-27
2023,14,Italian Grand Prix,monza,Autodromo Nazionale di Monza,2023-09-03
2023,15,Singapore Grand Prix,marina_bay,Marina Bay Street Circuit,2023-09-17
2023,16,Japanese Grand Prix,suzuka,Suzuka Circuit,2023-09-24
2023,17,Qatar Grand Prix,losail,Losail International Circuit,2023-10-08
2023,18,United States Grand Prix,americas,Circuit of the Americas,2023-10-22
2023,19,Mexico City Grand Prix,rodriguez,Autódromo Hermanos Rodríguez,2023-10-29
2023,20,São Paulo Grand Prix,interlagos,Autódromo José Carlos Pace,2023-11-05
2023,21,Las Vegas Grand Prix,vegas,Las Vegas Strip Street Circuit,2023-11-19
2023,22,Abu Dhabi Grand Prix,yas_marina,Yas Marina Circuit,2023-11-26
